123454,Th,Programming,Raid One,2023-02-15 17:07:00
asdf,asdf,Programming,Raid One,2023-02-15 19:10:00
asdf,asdf,Programming,Raid One,2023-02-15 19:10:00
1234,1234,Programming,Raid One,2023-02-15 19:12:00
1234,1234,Programming,Raid One,2023-02-15 19:12:00
1234,1234,Programming,Raid One,2023-02-15 19:12:00
2,1,Programming,Raid One,2023-02-15 19:12:00
123,123,Mechanical,Raid One,2023-02-16 08:49:00
123,123,Mechanical,Raid One,2023-02-16 08:49:00
123,123,Mechanical,Raid One,2023-02-16 08:49:00
123,123,Mechanical,Raid One,2023-02-16 08:49:00
123,123,Mechanical,Raid One,2023-02-16 08:49:00
123,123,Programming,Raid One,2023-02-16 08:51:00
123,123,Programming,Raid One,2023-02-16 08:51:00
123,123,Programming,Raid One,2023-02-16 08:51:00
123,123,Programming,Raid One,2023-02-16 08:51:00
123,123,Programming,Raid One,2023-02-16 08:51:00
123,123,Programming,Raid One,2023-02-16 08:51:00
123,123,Programming,Raid One,2023-02-16 08:51:00
123,123,Programming,Raid One,2023-02-16 08:51:00
123,123,Programming,Raid One,2023-02-16 08:51:00
123,123,Programming,Raid One,2023-02-16 08:51:00
123,123,Programming,Raid One,2023-02-16 08:51:00
123,123,Programming,Raid One,2023-02-16 08:51:00
123,123,Programming,Raid One,2023-02-16 08:52:00
123,123,Programming,Raid One,2023-02-16 08:52:00
123,123,Programming,Raid One,2023-02-16 08:52:00
123,123,Programming,Raid One,2023-02-16 08:52:00
123,123,Programming,Raid One,2023-02-16 08:52:00
123,123,Programming,Raid One,2023-02-16 08:52:00
123,123,Programming,Raid One,2023-02-16 08:52:00
123,123,Programming,Raid One,2023-02-16 08:52:00
123,123,Programming,Raid One,2023-02-16 08:52:00
123,123,Programming,Raid One,2023-02-16 08:52:00
123,123,Programming,Raid One,2023-02-16 08:53:00
123,123,Programming,Raid One,2023-02-16 08:53:00
123,123,Programming,Raid One,2023-02-16 08:53:00
123,123,Programming,Raid One,2023-02-16 08:53:00
